Episode;Episode duration;Number of steps;Total reward
99000;0.3160932809114456;45;-336.5
99001;0.4116356857120991;40;-2685.125
99002;0.2857122831046581;36;225.875
99003;0.28218216076493263;26;-775.875
99004;0.2982269413769245;42;305.875
99005;0.555008914321661;61;-298.0
99006;0.2831884175539017;33;-704.75
99007;0.29542359337210655;36;-7.75
99008;0.2563129626214504;30;-917.25
99009;0.5177802853286266;57;-2114.625
99010;0.1582804024219513;24;-929.25
99011;0.3836809955537319;36;-1927.625
99012;0.27152785658836365;32;-1538.125
99013;0.2902100719511509;38;534.75
99014;0.26783326268196106;25;90.75
99015;0.5550999119877815;69;-2490.5
99016;0.2763048931956291;29;-1384.375
99017;0.43951522931456566;54;-3979.875
99018;0.43043768778443336;52;-3686.5
99019;0.5461014918982983;59;703.5
99020;0.295973002910614;38;-1737.625
99021;1.1076231710612774;128;2041.375
99022;0.2591574005782604;23;-800.0
99023;0.42668043822050095;51;-330.125
99024;0.5365596488118172;59;485.625
99025;0.439404234290123;47;-975.875
99026;0.031330931931734085;13;299.25
99027;0.27790240570902824;28;-757.0
99028;0.4068568982183933;39;791.5
99029;0.43144598975777626;58;1404.125
99030;0.39459553733468056;37;691.875
99031;0.15460942685604095;24;-679.0
99032;0.1422635279595852;16;343.0
99033;0.6983396895229816;82;-260.125
99034;0.26542404294013977;28;-1058.125
99035;0.39109135419130325;45;-1297.125
99036;0.4260968752205372;50;-580.125
99037;0.3830309882760048;46;-136.875
99038;0.5488484874367714;63;-4067.0
99039;0.4597499445080757;56;-3177.375
99040;0.30951210856437683;34;-913.875
99041;0.2768521085381508;26;-612.75
99042;0.2951348200440407;28;-853.625
99043;0.542818583548069;64;1613.25
99044;0.15130271762609482;23;-171.125
99045;0.42756225541234016;45;66.125
99046;0.5265475623309612;60;-2812.5
99047;0.1539900079369545;22;29.625
99048;0.14974363148212433;19;-84.5
99049;0.566439513117075;64;-4290.125
99050;0.40412262827157974;38;-1498.625
99051;0.15235773473978043;22;-214.0
99052;0.406260397285223;48;-1891.0
99053;0.2608785219490528;26;-921.125
99054;0.4388572946190834;54;-499.875
99055;0.43074850738048553;46;-1073.375
99056;0.1764356605708599;25;211.25
99057;0.38807105273008347;33;-820.0
99058;0.2841359004378319;33;-781.75
99059;0.43971238657832146;61;-1231.875
99060;0.2639404125511646;29;-1144.125
99061;0.5358661748468876;61;-1876.0
99062;0.14059986546635628;19;-185.625
99063;0.2765384167432785;35;-664.0
99064;0.2777298390865326;28;-916.625
99065;0.26796936243772507;28;-300.5
99066;0.2733204960823059;29;149.125
99067;0.3153980188071728;41;-1517.0
99068;0.2671176977455616;28;77.75
99069;0.28698182478547096;32;-435.125
99070;0.2717617116868496;25;-1286.75
99071;0.4357706531882286;60;1797.875
99072;0.4182477220892906;39;-2003.375
99073;0.3073081485927105;42;528.5
99074;0.2424606829881668;20;-500.125
99075;0.16517259925603867;27;-298.125
99076;0.6601091660559177;81;-1862.875
99077;0.24746163934469223;22;403.5
99078;0.2904825918376446;36;-357.75
99079;0.6952241845428944;76;-1954.625
99080;0.27828117460012436;29;-1479.75
99081;0.1458808183670044;18;-266.25
99082;0.283254899084568;33;-583.625
99083;0.431555662304163;57;-3282.625
99084;0.5389835350215435;65;-3917.5
99085;0.5226059854030609;57;627.125
99086;0.16271500661969185;24;-144.75
99087;0.2918166108429432;27;-639.75
99088;0.4343222416937351;39;-446.25
99089;0.1486697494983673;18;67.375
99090;0.7390992268919945;78;-4278.25
99091;0.17458708956837654;22;-694.25
99092;0.2986711822450161;40;22.875
99093;0.4133604057133198;44;42.375
99094;1.27072624117136;134;-2223.375
99095;0.44393590092658997;61;-1101.75
99096;0.1429237462580204;16;352.75
99097;0.5772112682461739;50;1583.625
99098;0.2807202450931072;35;-819.375
99099;0.5887120068073273;72;205.25
99100;0.2735294811427593;23;149.25
99101;0.5454026497900486;64;-2559.125
99102;0.15508416667580605;22;-265.25
99103;0.13541234284639359;14;225.625
99104;0.40357041358947754;44;26.5
99105;0.5600275546312332;65;-1499.125
99106;0.30128249898552895;38;-1700.375
99107;0.7344826571643353;73;-5235.875
99108;0.2971400246024132;35;-1650.625
99109;0.3234976902604103;42;924.0
99110;0.8949859961867332;85;-5905.5
99111;0.45567189157009125;50;-1503.75
99112;0.5918807499110699;63;806.25
99113;0.3054025061428547;37;257.75
99114;0.2920672222971916;34;269.125
99115;0.7052742838859558;76;-3757.25
99116;0.1390089988708496;18;151.875
99117;0.4220004566013813;46;-1062.625
99118;0.3162299729883671;37;-894.25
99119;0.1502707488834858;16;-382.625
99120;0.29468458518385887;29;791.625
99121;0.1696663685142994;16;-384.375
99122;0.14744270220398903;15;215.125
99123;0.1387491635978222;12;13.25
99124;0.14733782410621643;13;312.0
99125;0.04477011039853096;13;312.0
99126;0.15078522637486458;14;135.5
99127;0.14875344932079315;14;190.5
99128;0.1493142656981945;13;312.0
99129;0.1725907027721405;21;-42.25
99130;0.26905984431505203;20;-265.0
99131;0.05363887920975685;14;175.0
99132;0.16414184123277664;14;175.0
99133;0.27901047468185425;19;169.5
99134;0.17888186126947403;17;121.5
99135;0.055995866656303406;14;175.0
99136;0.17171286046504974;14;-186.75
99137;0.17127680405974388;14;212.0
99138;0.33535410836338997;35;-1934.25
99139;0.29667965695261955;19;6.5
99140;0.17206771299242973;15;112.0
99141;0.18902664259076118;21;-166.5
99142;0.16932961344718933;13;312.0
99143;0.04954603314399719;13;312.0
99144;0.16594305261969566;16;-6.0
99145;0.1504039354622364;12;538.0
99146;0.16278981789946556;17;-12.5
99147;0.16240569949150085;17;15.125
99148;0.17594289407134056;15;240.0
99149;0.1769312135875225;19;71.0
99150;0.16155549511313438;13;312.0
99151;0.15093089267611504;13;312.0
99152;0.15271387994289398;15;102.0
99153;0.30000630393624306;29;-1334.25
99154;0.31181785836815834;30;356.125
99155;0.15457456931471825;17;17.0
99156;0.15110820531845093;15;-13.5
99157;0.14760747179389;13;312.0
99158;0.04724019393324852;15;68.75
99159;0.2748686373233795;24;417.625
99160;0.15151086077094078;13;312.0
99161;0.15520136803388596;16;110.75
99162;0.16443897411227226;18;171.0
99163;0.14619871973991394;12;20.0
99164;0.1781439185142517;20;-199.25
99165;0.32546796277165413;30;-1269.0
99166;0.15390337631106377;13;312.0
99167;0.04872055724263191;14;212.0
99168;0.28295470401644707;24;-699.5
99169;0.14726409316062927;13;312.0
99170;0.1521134413778782;15;170.0
99171;0.14715002477169037;13;312.0
99172;0.0458126999437809;15;65.5
99173;0.14874060079455376;13;312.0
99174;0.15236590430140495;13;312.0
99175;0.30961640924215317;26;-933.75
99176;0.15183337777853012;13;312.0
99177;0.045221712440252304;13;312.0
99178;0.15938137471675873;16;-384.375
99179;0.1721051260828972;18;-188.0
99180;0.16050530970096588;13;312.0
99181;0.17229732125997543;17;-196.0
99182;0.17371205240488052;17;-196.0
99183;0.15084144100546837;14;237.875
99184;0.16182992234826088;14;326.0
99185;0.1536664217710495;13;312.0
99186;0.16063661128282547;16;154.0
99187;0.1762847676873207;20;-880.0
99188;0.1714019738137722;18;-46.0
99189;0.16211821138858795;18;-80.0
99190;0.15379325300455093;13;292.0
99191;0.15884122997522354;14;212.0
99192;0.14621705189347267;13;312.0
99193;0.147511288523674;14;192.0
99194;0.15041811019182205;13;312.0
99195;0.0445222407579422;13;312.0
99196;0.16571186110377312;15;192.5
99197;0.2950054481625557;21;-884.375
99198;0.1690102256834507;13;312.0
99199;0.04831545427441597;13;312.0
99200;0.3347948081791401;34;-1788.0
99201;0.15965364500880241;13;312.0
99202;0.15488718077540398;15;187.5
99203;0.16067549958825111;13;312.0
99204;0.14930662140250206;13;312.0
99205;0.1500782109797001;13;312.0
99206;0.1505890153348446;15;68.75
99207;0.04157476872205734;13;312.0
99208;0.2693321406841278;19;119.5
99209;0.0490000918507576;14;-184.375
99210;0.1529044322669506;15;65.5
99211;0.16213315352797508;15;241.0
99212;0.16476131603121758;13;312.0
99213;0.17452796548604965;16;154.0
99214;0.18072959035634995;18;1.5
99215;0.1544051207602024;13;312.0
99216;0.15672411769628525;13;312.0
99217;0.14994536712765694;13;312.0
99218;0.16073279082775116;19;-180.0
99219;0.1560024917125702;15;215.125
99220;0.2984052710235119;30;-1394.0
99221;0.15233759209513664;15;60.75
99222;0.16027019172906876;15;112.0
99223;0.1603676751255989;15;191.0
99224;0.050304118543863297;15;220.0
99225;0.27522066608071327;20;-29.0
99226;0.3159516006708145;29;-1288.0
99227;0.19139813259243965;25;-638.5
99228;0.1600968912243843;13;312.0
99229;0.1595330350100994;14;-186.75
99230;0.16452491283416748;16;90.75
99231;0.15788036212325096;14;127.5
99232;0.04778244346380234;13;312.0
99233;0.15427689254283905;12;11.875
99234;0.1585681475698948;14;67.625
99235;0.16911891847848892;15;-284.375
99236;0.17109034210443497;15;192.5
99237;0.15627982467412949;14;212.0
99238;0.16613196581602097;13;312.0
99239;0.3488261103630066;38;-2202.5
99240;0.14724662527441978;13;312.0
99241;0.156353872269392;15;112.0
99242;0.15995041653513908;15;112.0
99243;0.1620408184826374;18;-14.0
99244;0.1579090766608715;13;312.0
99245;0.17069347575306892;18;-487.0
99246;0.181996900588274;24;-629.875
99247;0.1455148607492447;15;161.0
99248;0.16395818814635277;17;78.5
99249;0.1655523031949997;17;-88.0
99250;0.15568633377552032;17;-486.75
99251;0.1538858562707901;13;312.0
99252;0.15000083297491074;13;312.0
99253;0.15132111310958862;14;317.0
99254;0.15865830332040787;15;207.0
99255;0.15810807421803474;13;312.0
99256;0.15319828316569328;14;334.0
99257;0.16459136083722115;18;-275.5
99258;0.1616945043206215;17;118.5
99259;0.16164669394493103;16;12.0
99260;0.15074783191084862;13;312.0
99261;0.16633100807666779;18;-93.0
99262;0.04978858307003975;13;312.0
99263;0.16510432586073875;14;168.75
99264;0.15983296930789948;12;11.875
99265;0.16317765042185783;15;65.5
99266;0.17897460609674454;19;-684.375
99267;0.15157903358340263;12;11.875
99268;0.15186605975031853;13;312.0
99269;0.16439509764313698;18;246.875
99270;0.18748567253351212;24;-1180.0
99271;0.1592993587255478;15;222.5
99272;0.15316129848361015;14;175.0
99273;0.14590561389923096;13;312.0
99274;0.16838413849473;15;112.0
99275;0.3499891720712185;34;-1834.25
99276;0.17387730255723;13;312.0
99277;0.1736087203025818;15;-10.0
99278;0.17490019276738167;18;34.0
99279;0.15183046087622643;13;312.0
99280;0.15317806228995323;14;212.0
99281;0.04829057306051254;13;312.0
99282;0.16693810746073723;13;312.0
99283;0.44849028065800667;36;-2019.0
99284;0.16564155369997025;19;-680.0
99285;0.17024243995547295;19;-338.125
99286;0.14781440421938896;15;-195.0
99287;0.1522962935268879;15;222.5
99288;0.15947213396430016;17;-122.375
99289;0.17243371158838272;17;-414.0
99290;0.15014545992016792;13;312.0
99291;0.18803299218416214;26;-1031.25
99292;0.16073794290423393;16;-58.0
99293;0.1614779829978943;15;112.0
99294;0.15636783838272095;14;184.0
99295;0.15948671102523804;13;312.0
99296;0.1653900183737278;14;317.0
99297;0.15570953115820885;13;312.0
99298;0.32170748710632324;33;-1775.5
99299;0.15936114639043808;13;312.0
99300;0.16136237978935242;18;-188.0
99301;0.04821200296282768;13;312.0
99302;0.17650698497891426;16;12.0
99303;0.16285823285579681;14;175.0
99304;0.1683540754020214;13;312.0
99305;0.16227953508496284;14;338.0
99306;0.15599535033106804;13;312.0
99307;0.1600269265472889;15;210.75
99308;0.17294101044535637;21;-374.625
99309;0.34562647715210915;35;-1934.25
99310;0.1679428331553936;15;112.0
99311;0.15950169041752815;15;231.5
99312;0.17059502378106117;17;-484.375
99313;0.15857116132974625;13;312.0
99314;0.14915351569652557;13;312.0
99315;0.17002784460783005;17;-88.0
99316;0.16270582005381584;18;-488.875
99317;0.1540183685719967;14;168.75
99318;0.16041452065110207;15;261.125
99319;0.16584396734833717;13;131.25
99320;0.16554810479283333;15;210.75
99321;0.04995190352201462;14;338.0
99322;0.17486534640192986;13;312.0
99323;0.1830819472670555;16;92.5
99324;0.1719745174050331;17;-88.0
99325;0.28569917753338814;21;-517.5
99326;0.15994738787412643;15;112.0
99327;0.1684589795768261;16;-58.0
99328;0.16258813813328743;15;202.5
99329;0.04533716291189194;13;312.0
99330;0.1590588465332985;15;241.0
99331;0.3001425676047802;24;-963.625
99332;0.15920355916023254;13;312.0
99333;0.046126656234264374;13;312.0
99334;0.15017693862318993;13;267.375
99335;0.1730487272143364;18;-188.0
99336;0.16166836768388748;13;312.0
99337;0.15603764727711678;13;312.0
99338;0.15182403475046158;15;332.125
99339;0.3007057271897793;29;-964.0
99340;0.15361279249191284;15;-288.125
99341;0.04174947738647461;13;294.0
99342;0.14841682091355324;13;312.0
99343;0.15740859135985374;13;312.0
99344;0.33558326214551926;37;-2128.625
99345;0.1598355881869793;16;141.875
99346;0.1511140689253807;14;175.0
99347;0.28601501137018204;24;-429.0
99348;0.1715412624180317;18;24.0
99349;0.15098894387483597;14;317.0
99350;0.16307125613093376;13;312.0
99351;0.039215829223394394;14;208.875
99352;0.16014252603054047;15;236.0
99353;0.15608379989862442;13;312.0
99354;0.18095610290765762;19;-684.375
99355;0.15523631498217583;13;-80.0
99356;0.15452764555811882;14;-92.125
99357;0.14631274342536926;13;109.25
99358;0.16131149977445602;18;-123.5
99359;0.1502944901585579;14;-180.0
99360;0.3389597237110138;39;-2288.0
99361;0.29488690942525864;25;89.375
99362;0.3408067375421524;41;-2208.0
99363;0.43795131519436836;36;-1798.5
99364;0.17208624631166458;15;344.0
99365;0.1707732155919075;16;-288.75
99366;0.04526958242058754;13;131.25
99367;0.29600678384304047;17;-88.0
99368;0.04533166438341141;13;312.0
99369;0.1541924886405468;14;192.5
99370;0.16851278021931648;16;40.75
99371;0.2801533602178097;21;-785.0
99372;0.04870592802762985;14;212.0
99373;0.16186724975705147;13;312.0
99374;0.16841672733426094;13;312.0
99375;0.1676507256925106;13;312.0
99376;0.19230089709162712;18;-188.0
99377;0.30335068330168724;27;-1362.0
99378;0.33743322640657425;32;-1588.0
99379;0.047319214791059494;13;312.0
99380;0.28656163066625595;17;101.5
99381;0.36944757774472237;39;-2288.0
99382;0.15885840356349945;13;312.0
99383;0.17402323335409164;20;-470.5
99384;0.1615935042500496;13;312.0
99385;0.16236208751797676;16;-270.5
99386;0.1564880609512329;16;200.75
99387;0.1524978019297123;13;170.0
99388;0.04574938118457794;13;312.0
99389;0.1554657407104969;14;175.0
99390;0.17118529230356216;18;1.5
99391;0.15369803458452225;14;151.125
99392;0.28077438846230507;19;108.75
99393;0.18186871334910393;20;85.0
99394;0.19272278249263763;21;-519.0
99395;0.17485815659165382;18;246.875
99396;0.16519826650619507;16;-388.125
99397;0.16395339742302895;13;312.0
99398;0.16123133897781372;12;11.875
99399;0.16310900822281837;13;312.0
99400;0.0465380921959877;13;312.0
99401;0.15648380294442177;13;135.375
99402;0.1496877372264862;13;312.0
99403;0.1661120131611824;17;-213.5
99404;0.14803553745150566;13;312.0
99405;0.3226918429136276;35;-1888.0
99406;0.15733220055699348;14;212.0
99407;0.15967587754130363;13;312.0
99408;0.1662318892776966;13;312.0
99409;0.04971415176987648;14;192.5
99410;0.16929452121257782;16;462.0
99411;0.1681668721139431;13;312.0
99412;0.1587318517267704;14;175.0
99413;0.16406730934977531;15;-284.375
99414;0.16787759214639664;17;-51.5
99415;0.16871388629078865;13;312.0
99416;0.1758592464029789;17;-580.0
99417;0.15634093433618546;16;12.0
99418;0.16197095066308975;13;312.0
99419;0.16905208677053452;17;-480.0
99420;0.15512025356292725;13;312.0
99421;0.1529127135872841;14;192.0
99422;0.04711093753576279;13;312.0
99423;0.28575272485613823;20;-177.0
99424;0.17093326896429062;16;184.75
99425;0.048592645674943924;13;312.0
99426;0.1639755368232727;13;136.375
99427;0.159779354929924;13;312.0
99428;0.16644801944494247;13;312.0
99429;0.1849212795495987;19;-684.375
99430;0.4736620970070362;47;-3088.0
99431;0.15687347576022148;13;312.0
99432;0.3428419530391693;38;-2130.5
99433;0.1497417353093624;12;17.375
99434;0.15559426695108414;14;184.0
99435;0.1573486104607582;15;36.375
99436;0.15792948007583618;13;312.0
99437;0.04733850434422493;13;312.0
99438;0.16352684423327446;13;312.0
99439;0.17131737619638443;15;187.5
99440;0.16955261677503586;15;341.0
99441;0.18393921852111816;16;12.0
99442;0.16887228935956955;14;177.625
99443;0.17168796807527542;17;-118.0
99444;0.16055116057395935;13;312.0
99445;0.16873210296034813;13;312.0
99446;0.04732104763388634;13;312.0
99447;0.15777157992124557;13;-86.75
99448;0.16623615846037865;13;312.0
99449;0.17355122789740562;19;71.0
99450;0.15731215849518776;15;222.5
99451;0.15405060723423958;17;-230.625
99452;0.16406825557351112;19;-684.375
99453;0.15144845470786095;15;-182.625
99454;0.15654780715703964;16;100.75
99455;0.4564797692000866;40;-803.375
99456;0.16236383095383644;16;-32.625
99457;0.1783800609409809;19;-12.0
99458;0.15828904509544373;14;-186.75
99459;0.3068547807633877;26;879.125
99460;0.04712386056780815;14;197.5
99461;0.15439312532544136;16;-31.25
99462;0.14390353858470917;12;13.25
99463;0.15497486293315887;13;312.0
99464;0.14926647767424583;14;-188.125
99465;0.15383917465806007;13;312.0
99466;0.1737511307001114;21;250.5
99467;0.15975321829319;16;117.0
99468;0.1738106943666935;20;-268.5
99469;0.15782402083277702;17;-484.375
99470;0.29064571112394333;20;-780.0
99471;0.045957017689943314;13;294.0
99472;0.1729224994778633;15;220.0
99473;0.17574841156601906;13;312.0
99474;0.3134063184261322;26;-988.0
99475;0.1583251729607582;13;312.0
99476;0.16376404836773872;15;112.0
99477;0.0457233190536499;13;312.0
99478;0.16691265627741814;15;112.0
99479;0.1823950558900833;15;210.75
99480;0.15272274985909462;13;312.0
99481;0.16747547313570976;18;32.875
99482;0.17384423315525055;18;-270.125
99483;0.1543760485947132;13;312.0
99484;0.3418464995920658;36;-1763.625
99485;0.17746591940522194;13;312.0
99486;0.1591074801981449;13;312.0
99487;0.16228635609149933;13;312.0
99488;0.16500191017985344;19;-470.0
99489;0.15320932120084763;13;460.0
99490;0.1596110351383686;15;102.0
99491;0.17643918842077255;20;-784.375
99492;0.17027025669813156;15;186.375
99493;0.15823300555348396;14;212.0
99494;0.15909980237483978;13;312.0
99495;0.04866286367177963;14;197.5
99496;0.2892814055085182;21;-783.25
99497;0.16285638883709908;14;168.75
99498;0.17402445152401924;15;-10.0
99499;0.1734798364341259;16;120.0
99500;0.1794491671025753;17;121.5
99501;0.1726330742239952;16;101.875
99502;0.04908440262079239;13;312.0
99503;0.169448584318161;14;212.0
99504;0.1667553409934044;14;-88.875
99505;0.16519194096326828;13;312.0
99506;0.16175832971930504;12;412.0
99507;0.16470300406217575;13;312.0
99508;0.04854829981923103;13;312.0
99509;0.16807300224900246;13;312.0
99510;0.17594344541430473;16;154.0
99511;0.15819063410162926;14;-188.125
99512;0.15925518050789833;13;312.0
99513;0.1722896434366703;13;312.0
99514;0.16174358502030373;15;222.5
99515;0.0476498007774353;13;312.0
99516;0.29443544149398804;17;-482.625
99517;0.052189476788043976;13;312.0
99518;0.18823489919304848;13;312.0
99519;0.1698295846581459;13;312.0
99520;0.17800277099013329;15;112.0
99521;0.16285566613078117;12;412.0
99522;0.20123980194330215;22;-862.0
99523;0.1717350147664547;15;-284.375
99524;0.16921644657850266;15;23.375
99525;0.3793536201119423;36;-1988.0
99526;0.17523295804858208;14;127.0
99527;0.16801458597183228;13;153.0
99528;0.5213209576904774;47;-2538.0
99529;0.18098187819123268;16;12.0
99530;0.18891146034002304;18;-188.0
99531;0.1869085542857647;15;330.375
99532;0.20485904812812805;18;148.0
99533;0.3236200213432312;29;-1188.0
99534;0.15607432648539543;13;135.375
99535;0.16633811593055725;16;283.375
99536;0.04507562145590782;13;312.0
99537;0.32521801069378853;31;-1530.375
99538;0.16634917631745338;17;-12.5
99539;0.16115066036581993;15;112.0
99540;0.15527396649122238;15;88.5
99541;0.15305905416607857;13;312.0
99542;0.15675559639930725;15;112.0
99543;0.1487172357738018;13;312.0
99544;0.1528499573469162;13;312.0
99545;0.04554823786020279;13;312.0
99546;0.15629055351018906;13;312.0
99547;0.1602010577917099;15;220.0
99548;0.15734458342194557;13;312.0
99549;0.1532120294868946;13;312.0
99550;0.18266406655311584;19;-684.375
99551;0.1616300344467163;13;312.0
99552;0.15112101286649704;14;141.375
99553;0.16253440082073212;13;267.375
99554;0.163521446287632;16;224.625
99555;0.18444673344492912;22;223.5
99556;0.19115732610225677;18;-489.0
99557;0.1762247495353222;14;338.0
99558;0.18390287086367607;15;192.5
99559;0.19361089169979095;15;21.375
99560;0.18562369048595428;15;220.0
99561;0.15888668224215508;16;263.375
99562;0.16828273609280586;16;-8.0
99563;0.1681857742369175;15;-57.0
99564;0.043206989765167236;13;597.0
99565;0.16881462931632996;13;312.0
99566;0.1664159744977951;13;312.0
99567;0.15942559763789177;13;312.0
99568;0.15771148726344109;15;112.0
99569;0.1630125790834427;16;131.5
99570;0.341232243925333;36;798.75
99571;0.1545080728828907;13;312.0
99572;0.15204808488488197;13;312.0
99573;0.15464343130588531;13;312.0
99574;0.04700440168380737;15;21.375
99575;0.15833640843629837;15;361.75
99576;0.14675383642315865;12;517.0
99577;0.16011375561356544;13;312.0
99578;0.1582954078912735;13;312.0
99579;0.16507749632000923;16;63.625
99580;0.17571019008755684;18;303.5
99581;0.16998565942049026;13;312.0
99582;0.1604328192770481;13;312.0
99583;0.24524635076522827;31;-1488.0
99584;0.1535988673567772;12;17.375
99585;0.1674201302230358;13;312.0
99586;0.1599225401878357;13;312.0
99587;0.182943444699049;21;-666.625
99588;0.48098722100257874;40;-1575.0
99589;0.16135148331522942;15;215.125
99590;0.04738592728972435;14;212.0
99591;0.15916940197348595;15;348.5
99592;0.158609040081501;14;212.0
99593;0.17613746598362923;13;312.0
99594;0.18051660805940628;13;170.0
99595;0.18771333619952202;13;312.0
99596;0.17807384952902794;16;-96.0
99597;0.1721617840230465;15;220.0
99598;0.051994211971759796;13;312.0
99599;0.1715860553085804;15;120.0
99600;0.16855482757091522;14;192.5
99601;0.17128846049308777;16;154.0
99602;0.1837032362818718;19;-78.5
99603;0.16205744445323944;16;12.0
99604;0.28552717342972755;17;-486.75
99605;0.17223088443279266;17;-482.625
99606;0.03946143016219139;12;13.25
99607;0.16147002577781677;14;129.0
99608;0.3324792683124542;29;-1325.0
99609;0.1716633290052414;15;-13.5
99610;0.16696427017450333;13;312.0
99611;0.1630159355700016;14;86.5
99612;0.04805277660489082;13;312.0
99613;0.46500133723020554;34;-1828.625
99614;0.16612282395362854;15;112.0
99615;0.17686284705996513;18;-490.5
99616;0.17596634104847908;14;184.0
99617;0.05024592950940132;13;312.0
99618;0.16609233990311623;13;312.0
99619;0.1720941662788391;14;168.75
99620;0.16576998680830002;15;187.5
99621;0.18383949995040894;16;-388.125
99622;0.17306548729538918;17;31.5
99623;0.1632770225405693;13;312.0
99624;0.1821337379515171;18;-486.5
99625;0.16971933469176292;14;152.0
99626;0.17274963110685349;13;312.0
99627;0.19224830344319344;17;-484.375
99628;0.19120115041732788;17;-482.625
99629;0.17983564734458923;15;34.25
99630;0.17021217197179794;14;202.0
99631;0.04987792298197746;14;212.0
99632;0.17081812396645546;13;312.0
99633;0.18395928665995598;18;-37.0
99634;0.1682940423488617;14;212.0
99635;0.1739690788090229;17;101.5
99636;0.16297806426882744;15;-288.5
99637;0.16495776548981667;17;-33.125
99638;0.1568981483578682;14;341.0
99639;0.16365253552794456;13;312.0
99640;0.4795178063213825;40;-2173.625
99641;0.055107779800891876;15;187.5
99642;0.15669767558574677;12;108.0
99643;0.16447864845395088;13;312.0
99644;0.15559882670640945;13;267.375
99645;0.1550423875451088;13;312.0
99646;0.15900103375315666;14;212.0
99647;0.35574090480804443;34;-1788.0
99648;0.04640873149037361;13;312.0
99649;0.27621476352214813;17;82.5
99650;0.19534547626972198;28;-1584.375
99651;0.15750984847545624;14;-188.5
99652;0.31948209926486015;25;-647.5
99653;0.16755568608641624;14;212.0
99654;0.04818165674805641;13;312.0
99655;0.16055748984217644;13;312.0
99656;0.16863080114126205;13;312.0
99657;0.16559475660324097;15;92.5
99658;0.17250096797943115;17;78.5
99659;0.3213244006037712;26;934.5
99660;0.15831107273697853;14;212.0
99661;0.05009928345680237;15;57.125
99662;0.2760212756693363;17;31.5
99663;0.19529269635677338;25;-888.0
99664;0.16828690469264984;16;-58.0
99665;0.17352476716041565;13;312.0
99666;0.1645182929933071;15;348.75
99667;0.1625165194272995;13;312.0
99668;0.053815897554159164;13;312.0
99669;0.17453235760331154;13;312.0
99670;0.16488516330718994;13;312.0
99671;0.16272708401083946;14;141.125
99672;0.18202384188771248;15;222.5
99673;0.16819105669856071;13;312.0
99674;0.16068166494369507;13;312.0
99675;0.3509772829711437;36;-1988.0
99676;0.31526389718055725;29;-1562.0
99677;0.1715097650885582;16;107.0
99678;0.04173547029495239;13;13.0
99679;0.14729445427656174;12;11.875
99680;0.1660355180501938;14;212.0
99681;0.1621115654706955;14;326.0
99682;0.15835312008857727;13;312.0
99683;0.055566657334566116;12;412.0
99684;0.37741636857390404;32;-1468.5
99685;0.18200602754950523;13;312.0
99686;0.17900924384593964;14;212.0
99687;0.17851754650473595;15;112.0
99688;0.18996570631861687;17;-484.375
99689;0.17862790077924728;16;-58.0
99690;0.17229361832141876;13;312.0
99691;0.1676202267408371;13;312.0
99692;0.3524252064526081;35;-1934.25
99693;0.1796574592590332;20;186.125
99694;0.16908808797597885;16;200.75
99695;0.16090059652924538;13;312.0
99696;0.17090954259037971;15;112.0
99697;0.1689501293003559;13;312.0
99698;0.2012474425137043;24;-969.875
99699;0.34441274777054787;29;-1098.5
99700;0.1710699088871479;14;15.625
99701;0.17094838619232178;13;131.25
99702;0.17073069512844086;15;217.0
99703;0.1781264692544937;17;-94.0
99704;0.17022090405225754;16;398.5
99705;0.20612888038158417;27;-1081.5
99706;0.18167999386787415;16;132.625
99707;0.186930350959301;16;-96.0
99708;0.16679071262478828;13;312.0
99709;0.16095267608761787;12;20.0
99710;0.1767587773501873;14;212.0
99711;0.17014243453741074;13;312.0
99712;0.1728804148733616;13;312.0
99713;0.05081820487976074;13;312.0
99714;0.18979453667998314;14;-188.125
99715;0.18129388988018036;16;-58.0
99716;0.30133480578660965;22;305.375
99717;0.049110859632492065;13;312.0
99718;0.15641292557120323;13;312.0
99719;0.29426148906350136;21;-488.0
99720;0.05449648201465607;13;312.0
99721;0.17200497165322304;15;344.0
99722;0.15919741988182068;15;112.0
99723;0.16067920997738838;13;460.0
99724;0.1562993861734867;14;212.0
99725;0.16999419778585434;18;-680.0
99726;0.15775607898831367;13;312.0
99727;0.16174184530973434;13;312.0
99728;0.18943575024604797;19;-684.375
99729;0.3641558401286602;37;-1855.75
99730;0.17659830674529076;15;75.0
99731;0.30600789561867714;23;-1084.375
99732;0.16470370069146156;16;-384.375
99733;0.16666297987103462;16;110.75
99734;0.04981937259435654;14;317.0
99735;0.1531728208065033;13;136.375
99736;0.15917648002505302;13;312.0
99737;0.15782007202506065;13;312.0
99738;0.17055000737309456;14;212.0
99739;0.35081644356250763;31;-1355.625
99740;0.04877179488539696;13;312.0
99741;0.501081358641386;35;-1799.125
99742;0.2077418938279152;28;-948.0
99743;0.16602491214871407;15;211.5
99744;0.17408305406570435;15;-3.5
99745;0.18265654146671295;16;154.0
99746;0.46942392736673355;38;-2275.5
99747;0.16544563323259354;15;215.125
99748;0.04078315943479538;12;11.5
99749;0.16339387372136116;15;112.0
99750;0.1685250997543335;16;12.0
99751;0.17133772000670433;19;-684.375
99752;0.1778927482664585;15;169.5
99753;0.16407544538378716;13;312.0
99754;0.18548297509551048;17;-580.0
99755;0.1863032840192318;19;-24.875
99756;0.4702690653502941;34;-1834.875
99757;0.046754322946071625;14;-188.125
99758;0.3233109526336193;30;-1342.625
99759;0.171515304595232;17;-88.0
99760;0.17697592079639435;17;-88.0
99761;0.16593682765960693;13;312.0
99762;0.16619286313652992;15;215.125
99763;0.3313041739165783;33;-134.125
99764;0.15980203822255135;13;312.0
99765;0.16299885511398315;15;260.0
99766;0.17623083293437958;13;312.0
99767;0.16663087159395218;13;312.0
99768;0.050638142973184586;13;312.0
99769;0.48609742894768715;36;-2028.625
99770;0.16415176913142204;13;312.0
99771;0.1915603056550026;18;-275.5
99772;0.045533161610364914;13;312.0
99773;0.1643151380121708;13;312.0
99774;0.17060250043869019;16;12.0
99775;0.170923613011837;15;92.5
99776;0.1637667790055275;17;-88.0
99777;0.15002303943037987;13;312.0
99778;0.30028094723820686;25;-683.0
99779;0.1619402952492237;17;-122.375
99780;0.15584618598222733;13;135.375
99781;0.17332208901643753;17;-106.0
99782;0.16851691156625748;15;220.0
99783;0.04956018179655075;13;312.0
99784;0.15969346836209297;13;312.0
99785;0.16388855874538422;15;222.5
99786;0.15490110591053963;15;210.75
99787;0.14983310922980309;13;312.0
99788;0.15794957429170609;14;-188.125
99789;0.1493593119084835;15;102.0
99790;0.04501476138830185;13;312.0
99791;0.14218700677156448;14;168.75
99792;0.14770736172795296;13;312.0
99793;0.1544533595442772;13;312.0
99794;0.16782498732209206;17;22.5
99795;0.1651388183236122;17;-482.625
99796;0.1589880883693695;17;-88.0
99797;0.14314545318484306;14;338.0
99798;0.15290196239948273;13;312.0
99799;0.15913214534521103;13;312.0
99800;0.16127147153019905;14;184.0
99801;0.17847579717636108;18;40.125
99802;0.15744691342115402;14;177.625
99803;0.04979425668716431;13;312.0
99804;0.16071251407265663;13;312.0
99805;0.16266914457082748;14;341.0
99806;0.16541850194334984;15;112.0
99807;0.1625778041779995;15;210.75
99808;0.33160288259387016;34;-1855.625
99809;0.15609704703092575;13;438.0
99810;0.16206476464867592;15;65.5
99811;0.1584307663142681;13;312.0
99812;0.18680555745959282;21;-884.375
99813;0.16573477908968925;15;192.5
99814;0.17228367179632187;15;112.0
99815;0.17146074026823044;13;312.0
99816;0.16487712785601616;17;-8.125
99817;0.1600998379290104;14;175.0
99818;0.1714610569179058;19;-334.5
99819;0.17172029614448547;18;321.0
99820;0.16735907271504402;17;-175.5
99821;0.16945280879735947;17;-88.0
99822;0.15409750491380692;12;13.25
99823;0.15165501460433006;13;312.0
99824;0.04814755171537399;13;312.0
99825;0.15754425153136253;15;231.5
99826;0.1729576326906681;17;-480.0
99827;0.1498873494565487;13;312.0
99828;0.16055858880281448;13;170.0
99829;0.16456664726138115;13;136.375
99830;0.15900705382227898;14;133.0
99831;0.163910374045372;17;278.625
99832;0.19154445827007294;23;-20.5
99833;0.17374535277485847;16;334.25
99834;0.1728670336306095;15;77.625
99835;0.17632179334759712;15;71.375
99836;0.16951251029968262;13;312.0
99837;0.15298200398683548;14;-186.75
99838;0.17362504824995995;15;-284.375
99839;0.04800701141357422;13;312.0
99840;0.2856275364756584;17;121.5
99841;0.04858857020735741;14;326.0
99842;0.15961400046944618;14;212.0
99843;0.18014470115303993;17;-480.0
99844;0.1531202718615532;13;131.25
99845;0.18343688175082207;21;-533.125
99846;0.15880423784255981;12;17.375
99847;0.17735180258750916;14;264.375
99848;0.1701115369796753;15;112.0
99849;0.16552867367863655;14;-92.5
99850;0.190444964915514;20;-880.0
99851;0.17317647486925125;15;65.875
99852;0.4810839258134365;39;-2417.5
99853;0.04921245947480202;13;312.0
99854;0.30965204909443855;22;-641.25
99855;0.17928526178002357;19;-684.375
99856;0.1675892174243927;16;73.375
99857;0.3118946738541126;29;-1288.0
99858;0.15678983181715012;15;222.5
99859;0.3364041708409786;30;-1562.0
99860;0.17302078381180763;16;120.0
99861;0.04907868802547455;13;312.0
99862;0.17569709196686745;16;12.0
99863;0.16517266258597374;15;220.0
99864;0.16218026727437973;14;192.5
99865;0.1586746722459793;13;312.0
99866;0.16412188485264778;13;312.0
99867;0.1640877164900303;13;312.0
99868;0.05061304196715355;13;312.0
99869;0.16189635172486305;13;312.0
99870;0.17476161941885948;20;-880.0
99871;0.1634664088487625;13;312.0
99872;0.16404438391327858;15;112.0
99873;0.17059434205293655;13;312.0
99874;0.17029860243201256;17;-23.875
99875;0.18867774680256844;20;100.0
99876;0.16903790086507797;17;-102.5
99877;0.1737404614686966;17;-263.625
99878;0.17555652931332588;15;106.0
99879;0.16038790345191956;12;412.0
99880;0.1772741600871086;16;-384.375
99881;0.1623874083161354;13;312.0
99882;0.17032141238451004;12;406.0
99883;0.17762310057878494;13;312.0
99884;0.053045473992824554;15;112.0
99885;0.16413049772381783;13;312.0
99886;0.17812681570649147;17;-192.0
99887;0.49908362329006195;35;-1928.625
99888;0.2189427800476551;25;-688.0
99889;0.18349258974194527;13;312.0
99890;0.1914820745587349;15;112.0
99891;0.17971410229802132;13;136.375
99892;0.23870621994137764;29;-1288.0
99893;0.17963065207004547;15;344.0
99894;0.17612823843955994;17;-23.625
99895;0.17496471107006073;15;210.75
99896;0.17431993409991264;13;312.0
99897;0.1792118065059185;14;-188.5
99898;0.16735964640974998;14;212.0
99899;0.16852329298853874;13;312.0
99900;0.17879223078489304;18;-253.625
99901;0.20041851326823235;21;210.25
99902;0.16987542062997818;13;294.0
99903;0.18046315386891365;15;112.0
99904;0.18797581270337105;16;97.125
99905;0.1880393587052822;18;137.5
99906;0.1848142221570015;14;168.75
99907;0.19354888424277306;18;29.5
99908;0.17930911481380463;14;192.5
99909;0.1792956069111824;13;312.0
99910;0.18673652410507202;13;294.0
99911;0.20722799375653267;22;78.25
99912;0.1762746125459671;13;107.5
99913;0.18270985782146454;14;341.0
99914;0.19195789098739624;17;-88.0
99915;0.1802673004567623;13;312.0
99916;0.20796240493655205;24;-1184.375
99917;0.17649239674210548;13;312.0
99918;0.18212151899933815;13;312.0
99919;0.2836880572140217;28;-1080.0
99920;0.19707415997982025;15;112.0
99921;0.1831216737627983;13;312.0
99922;0.1763189546763897;13;312.0
99923;0.17342424020171165;13;312.0
99924;0.17733630537986755;13;312.0
99925;0.043178025633096695;12;13.25
99926;0.49967431277036667;38;-2216.0
99927;0.17863257601857185;15;102.0
99928;0.04766445606946945;13;170.0
99929;0.3076871931552887;17;-88.0
99930;0.04954884201288223;13;312.0
99931;0.17116736993193626;14;206.0
99932;0.17434613406658173;15;117.625
99933;0.18355780839920044;15;202.75
99934;0.1765294224023819;14;212.0
99935;0.18841572478413582;17;-134.25
99936;0.3279813565313816;26;-1168.75
99937;0.04462650045752525;13;312.0
99938;0.17096272483468056;14;212.0
99939;0.17463688924908638;15;-280.0
99940;0.30489319935441017;20;-780.0
99941;0.04888008162379265;13;312.0
99942;0.17853903770446777;17;-98.0
99943;0.164515420794487;13;312.0
99944;0.1634635291993618;13;312.0
99945;0.16894515976309776;13;312.0
99946;0.19366587698459625;18;-37.0
99947;0.18952396512031555;13;312.0
99948;0.17982645332813263;13;312.0
99949;0.058523695915937424;14;184.0
99950;0.18915948644280434;13;312.0
99951;0.3741379454731941;29;-1288.0
99952;0.5224371664226055;41;-139.125
99953;0.17468662932515144;14;212.0
99954;0.04645393788814545;13;460.0
99955;0.16374405100941658;12;412.0
99956;0.16513751447200775;13;170.0
99957;0.17994578927755356;15;77.625
99958;0.16786977276206017;13;312.0
99959;0.17524326592683792;15;112.0
99960;0.17503846436738968;16;-388.5
99961;0.1844634860754013;15;343.5
99962;0.05133388936519623;13;312.0
99963;0.188031405210495;14;206.0
99964;0.2013772949576378;13;312.0
99965;0.19568093493580818;13;312.0
99966;0.19068998098373413;13;312.0
99967;0.19333066418766975;15;380.0
99968;0.1812882162630558;17;-484.375
99969;0.04827428236603737;13;312.0
99970;0.19013703241944313;14;338.0
99971;0.1853129118680954;15;112.0
99972;0.17166832089424133;14;192.5
99973;0.18306400254368782;17;144.625
99974;0.16893165931105614;14;-84.0
99975;0.17692739889025688;15;-284.375
99976;0.3885558769106865;33;-1725.0
99977;0.3774725869297981;30;-1334.0
99978;0.1930774226784706;17;101.5
99979;0.181438609957695;17;146.0
99980;0.17651544511318207;13;312.0
99981;0.3983936086297035;38;-2255.625
99982;0.17690317705273628;15;140.25
99983;0.5273883529007435;39;-2288.0
99984;0.18205712735652924;15;97.5
99985;0.19606143236160278;17;263.0
99986;0.19677408412098885;19;-688.125
99987;0.17908893525600433;13;312.0
99988;0.04961047321557999;13;312.0
99989;0.18935968726873398;15;222.5
99990;0.19621694460511208;16;222.5
99991;0.3669559024274349;27;-1362.0
99992;0.18163981288671494;15;48.0
99993;0.17820126190781593;13;312.0
99994;0.18344319239258766;13;312.0
99995;0.18703746050596237;14;184.0
99996;0.052556056529283524;13;312.0
99997;0.3322005160152912;20;-784.375
99998;0.18571219220757484;15;207.0
99999;0.048493627458810806;13;294.0
